"APPL_NAME","HIERARCHY_TYP","PARENT_EQ_NAME","EQ_NAME","SEQ","HOME"
"PCC","ALL","ROOT","OSL_ALL_FIELDS","","ROOT"
"PCC","ALL","F_TROLL","P_TB","","ROOT"
"PCC","ALL","P_TB","CL_TB_D","","ROOT"
"PCC","ALL","P_TB","CL_TB_E","","ROOT"
"PCC","ALL","P_TB","CL_TB_F","","ROOT"
"PCC","ALL","P_TB","CL_TB_G","","ROOT"
"PCC","ALL","P_TB","CL_TB_H","","ROOT"
"PCC","ALL","P_TB","CL_TB_I","","ROOT"
"PCC","ALL","P_TB","CL_TB_J","","ROOT"
"PCC","ALL","P_TB","CL_TB_K","","ROOT"
"PCC","ALL","P_TB","CL_TB_L","","ROOT"
"PCC","ALL","CL_TB_D","PL_TB_D_P","","ROOT"
"PCC","ALL","CL_TB_D","PL_TB_D_T","","ROOT"
"PCC","ALL","CL_TB_E","PL_TB_E_P","","ROOT"
"PCC","ALL","CL_TB_E","PL_TB_E_T","","ROOT"
"PCC","ALL","CL_TB_F","PL_TB_F_P","","ROOT"
"PCC","ALL","CL_TB_F","PL_TB_F_T","","ROOT"
"PCC","ALL","CL_TB_G","PL_TB_G_P","","ROOT"
"PCC","ALL","CL_TB_G","PL_TB_G_T","","ROOT"
"PCC","ALL","CL_TB_H","PL_TB_H_P","","ROOT"
"PCC","ALL","CL_TB_H","PL_TB_H_T","","ROOT"
"PCC","ALL","CL_TB_I","PL_TB_I_P","","ROOT"
"PCC","ALL","CL_TB_I","PL_TB_I_T","","ROOT"
"PCC","ALL","CL_TB_J","PL_TB_J_P","","ROOT"
"PCC","ALL","CL_TB_J","PL_TB_J_T","","ROOT"
"PCC","ALL","CL_TB_K","PL_TB_K_P","","ROOT"
"PCC","ALL","CL_TB_K","PL_TB_K_T","","ROOT"
"PCC","ALL","CL_TB_L","PL_TB_L_P","","ROOT"
"PCC","ALL","CL_TB_L","PL_TB_L_T","","ROOT"
"PCC","ALL","CL_TB_D","W_TB_D_01","","ROOT"
"PCC","ALL","CL_TB_D","W_TB_D_02","","ROOT"
"PCC","ALL","CL_TB_D","W_TB_D_03","","ROOT"
"PCC","ALL","CL_TB_D","W_TB_D_04","","ROOT"
"PCC","ALL","CL_TB_D","W_TB_D_05","","ROOT"
"PCC","ALL","CL_TB_D","W_TB_D_06","","ROOT"
"PCC","ALL","CL_TB_D","W_TB_D_07","","ROOT"
"PCC","ALL","CL_TB_D","W_TB_D_08","","ROOT"
"PCC","ALL","CL_TB_E","W_TB_E_01","","ROOT"
"PCC","ALL","CL_TB_E","W_TB_E_02","","ROOT"
"PCC","ALL","CL_TB_E","W_TB_E_03","","ROOT"
"PCC","ALL","CL_TB_E","W_TB_E_04","","ROOT"
"PCC","ALL","CL_TB_E","W_TB_E_05","","ROOT"
"PCC","ALL","CL_TB_E","W_TB_E_06","","ROOT"
"PCC","ALL","CL_TB_F","W_TB_F_01","","ROOT"
"PCC","ALL","CL_TB_F","W_TB_F_02","","ROOT"
"PCC","ALL","CL_TB_F","W_TB_F_03","","ROOT"
"PCC","ALL","CL_TB_F","W_TB_F_04","","ROOT"
"PCC","ALL","CL_TB_F","W_TB_F_05","","ROOT"
"PCC","ALL","CL_TB_F","W_TB_F_06","","ROOT"
"PCC","ALL","CL_TB_G","W_TB_G_01","","ROOT"
"PCC","ALL","CL_TB_G","W_TB_G_02","","ROOT"
"PCC","ALL","CL_TB_G","W_TB_G_03","","ROOT"
"PCC","ALL","CL_TB_G","W_TB_G_04","","ROOT"
"PCC","ALL","CL_TB_G","W_TB_G_05","","ROOT"
"PCC","ALL","CL_TB_G","W_TB_G_06","","ROOT"
"PCC","ALL","CL_TB_H","W_TB_H_01","","ROOT"
"PCC","ALL","CL_TB_H","W_TB_H_02","","ROOT"
"PCC","ALL","CL_TB_H","W_TB_H_03","","ROOT"
"PCC","ALL","CL_TB_H","W_TB_H_04","","ROOT"
"PCC","ALL","CL_TB_H","W_TB_H_05","","ROOT"
"PCC","ALL","CL_TB_H","W_TB_H_06","","ROOT"
"PCC","ALL","CL_TB_I","W_TB_I_11","","ROOT"
"PCC","ALL","CL_TB_I","W_TB_I_12","","ROOT"
"PCC","ALL","CL_TB_I","W_TB_I_13","","ROOT"
"PCC","ALL","CL_TB_I","W_TB_I_14","","ROOT"
"PCC","ALL","CL_TB_I","W_TB_I_21","","ROOT"
"PCC","ALL","CL_TB_I","W_TB_I_22","","ROOT"
"PCC","ALL","CL_TB_I","W_TB_I_23","","ROOT"
"PCC","ALL","CL_TB_I","W_TB_I_32","","ROOT"
"PCC","ALL","CL_TB_J","W_TB_J_11","","ROOT"
"PCC","ALL","CL_TB_J","W_TB_J_12","","ROOT"
"PCC","ALL","CL_TB_J","W_TB_J_13","","ROOT"
"PCC","ALL","CL_TB_J","W_TB_J_14","","ROOT"
"PCC","ALL","CL_TB_J","W_TB_J_21","","ROOT"
"PCC","ALL","CL_TB_J","W_TB_J_22","","ROOT"
"PCC","ALL","CL_TB_J","W_TB_J_23","","ROOT"
"PCC","ALL","CL_TB_J","W_TB_J_24","","ROOT"
"PCC","ALL","CL_TB_K","W_TB_K_11","","ROOT"
"PCC","ALL","CL_TB_K","W_TB_K_12","","ROOT"
"PCC","ALL","CL_TB_K","W_TB_K_13","","ROOT"
"PCC","ALL","CL_TB_K","W_TB_K_14","","ROOT"
"PCC","ALL","CL_TB_K","W_TB_K_21","","ROOT"
"PCC","ALL","CL_TB_K","W_TB_K_22","","ROOT"
"PCC","ALL","CL_TB_K","W_TB_K_23","","ROOT"
"PCC","ALL","CL_TB_K","W_TB_K_24","","ROOT"
"PCC","ALL","CL_TB_L","W_TB_L_11","","ROOT"
"PCC","ALL","CL_TB_L","W_TB_L_12","","ROOT"
"PCC","ALL","CL_TB_L","W_TB_L_13","","ROOT"
"PCC","ALL","CL_TB_L","W_TB_L_14","","ROOT"
"PCC","ALL","CL_TB_L","W_TB_L_21","","ROOT"
"PCC","ALL","CL_TB_L","W_TB_L_22","","ROOT"
"PCC","ALL","CL_TB_L","W_TB_L_23","","ROOT"
"PCC","ALL","CL_TB_L","W_TB_L_24","","ROOT"
"PCC","ALL","P_TB","S_TB_1TEST","","ROOT"
"PCC","ALL","P_TB","S_TB_2TEST","","ROOT"
"PCC","ALL","P_TB","TP_TB_1","","ROOT"
"PCC","ALL","P_TB","TP_TB_2","","ROOT"
"PCC","ALL","P_TB","TP_TB_3","","ROOT"
